,BASIN,OUTLET_STR,,IMPERVIOUS,LAWN,SUM,CN
0,BASIN_D,CULVERT_D,0.0,3168.1398963862775,121801.61184284846,124969.75173923474,61.937996391405896
1,BASIN_C,CULVERT_C,2198.1484472150587,49941.61077082822,598828.1426543698,650967.9018724131,63.632622189682735
2,BASIN_B,CULVERT_B,0.0,247164.6333637979,658077.2524001629,905241.8857639608,71.10237327534033
3,BASIN_A,CULVERT_A,0.0,84669.35455505518,313075.3812995891,397744.7358546443,68.87632327001283
4,BASIN_E,CULVERT_E,0.0,67100.07412596048,613156.2949290002,680256.3690549607,64.64965747562144
